{"cameraMode":{"drawMode":0,"name":"Shaded","section":"Shading Mode"},"sceneLighting":false,"audioPlay":false,"sceneViewState":{"m_AlwaysRefresh":false,"showFog":true,"showSkybox":false,"showFlares":true,"showImageEffects":true,"showParticleSystems":true,"showVisualEffectGraphs":true,"m_FxEnabled":true},"in2DMode":false,"pivot":{"x":14.557999610900879,"y":0.034999996423721316,"z":-10.563275337219239},"rotation":{"x":0.26886701583862307,"y":0.41890305280685427,"z":-0.1313764452934265,"w":0.8573257923126221},"size":0.6373575329780579,"orthographic":true}