{"cameraMode":{"drawMode":0,"name":"Shaded","section":"Shading Mode"},"sceneLighting":false,"audioPlay":false,"sceneViewState":{"m_AlwaysRefresh":false,"showFog":true,"showSkybox":false,"showFlares":true,"showImageEffects":true,"showParticleSystems":true,"showVisualEffectGraphs":true,"m_FxEnabled":true},"in2DMode":false,"pivot":{"x":1.7867538928985596,"y":1.0577906370162964,"z":-3.2288761138916017},"rotation":{"x":0.35341161489486697,"y":0.4746924936771393,"z":-0.2158706784248352,"w":0.7768774628639221},"size":2.8013083934783937,"orthographic":true}