{"cameraMode":{"drawMode":0,"name":"Shaded","section":"Shading Mode"},"sceneLighting":false,"audioPlay":false,"sceneViewState":{"m_AlwaysRefresh":false,"showFog":true,"showSkybox":false,"showFlares":true,"showImageEffects":true,"showParticleSystems":true,"showVisualEffectGraphs":true,"m_FxEnabled":true},"in2DMode":false,"pivot":{"x":-0.03550988435745239,"y":0.13299426436424256,"z":0.00016742944717407227},"rotation":{"x":0.5274086594581604,"y":0.14584527909755708,"z":-0.0923750251531601,"w":0.832131028175354},"size":2.1652579307556154,"orthographic":false}