{"cameraMode":{"drawMode":0,"name":"Shaded","section":"Shading Mode"},"sceneLighting":false,"audioPlay":false,"sceneViewState":{"m_AlwaysRefresh":false,"showFog":true,"showSkybox":false,"showFlares":true,"showImageEffects":true,"showParticleSystems":true,"showVisualEffectGraphs":true,"m_FxEnabled":true},"in2DMode":false,"pivot":{"x":-1.4345124959945679,"y":-0.18008041381835938,"z":1.1659226417541505},"rotation":{"x":0.3012688457965851,"y":0.5497419238090515,"z":-0.22174309194087983,"w":0.7469019889831543},"size":3.949169158935547,"orthographic":true}