{"cameraMode":{"drawMode":0,"name":"Shaded","section":"Shading Mode"},"sceneLighting":false,"audioPlay":false,"sceneViewState":{"m_AlwaysRefresh":false,"showFog":true,"showSkybox":false,"showFlares":true,"showImageEffects":true,"showParticleSystems":true,"showVisualEffectGraphs":true,"m_FxEnabled":true},"in2DMode":false,"pivot":{"x":13.619990348815918,"y":2.440664529800415,"z":-12.559999465942383},"rotation":{"x":0.23448292911052705,"y":0.3234701156616211,"z":-0.08308341354131699,"w":0.9129900932312012},"size":3.6414546966552736,"orthographic":true}