{"cameraMode":{"drawMode":0,"name":"Shaded","section":"Shading Mode"},"sceneLighting":false,"audioPlay":false,"sceneViewState":{"m_AlwaysRefresh":false,"showFog":true,"showSkybox":false,"showFlares":true,"showImageEffects":true,"showParticleSystems":true,"showVisualEffectGraphs":true,"m_FxEnabled":true},"in2DMode":false,"pivot":{"x":-0.3103342056274414,"y":3.5104942321777345,"z":0.2163257598876953},"rotation":{"x":0.23448292911052705,"y":0.3234701156616211,"z":-0.08308341354131699,"w":0.9129900932312012},"size":8.794878959655762,"orthographic":true}