{"cameraMode":{"drawMode":0,"name":"Shaded","section":"Shading Mode"},"sceneLighting":false,"audioPlay":false,"sceneViewState":{"m_AlwaysRefresh":false,"showFog":true,"showSkybox":false,"showFlares":true,"showImageEffects":true,"showParticleSystems":true,"showVisualEffectGraphs":true,"m_FxEnabled":true},"in2DMode":false,"pivot":{"x":-0.006999969482421875,"y":3.024200439453125,"z":-9.040789604187012},"rotation":{"x":0.42276549339294436,"y":0.15372027456760407,"z":-0.07299690693616867,"w":0.8901451230049133},"size":12.798032760620118,"orthographic":true}