{"cameraMode":{"drawMode":0,"name":"Shaded","section":"Shading Mode"},"sceneLighting":false,"audioPlay":false,"sceneViewState":{"m_AlwaysRefresh":false,"showFog":true,"showSkybox":false,"showFlares":true,"showImageEffects":true,"showParticleSystems":true,"showVisualEffectGraphs":true,"m_FxEnabled":true},"in2DMode":false,"pivot":{"x":1.6697297096252442,"y":2.1417040824890138,"z":-2.7824695110321047},"rotation":{"x":0.31319141387939455,"y":0.4626297950744629,"z":-0.17890378832817079,"w":0.8098796010017395},"size":2.032337188720703,"orthographic":true}