{"cameraMode":{"drawMode":0,"name":"Shaded","section":"Shading Mode"},"sceneLighting":false,"audioPlay":false,"sceneViewState":{"m_AlwaysRefresh":false,"showFog":true,"showSkybox":false,"showFlares":true,"showImageEffects":true,"showParticleSystems":true,"showVisualEffectGraphs":true,"m_FxEnabled":true},"in2DMode":false,"pivot":{"x":1.0079392194747925,"y":0.2950000762939453,"z":-3.1681504249572756},"rotation":{"x":0.33135104179382326,"y":0.4248177707195282,"z":-0.17060215771198274,"w":0.8250329494476318},"size":4.311283111572266,"orthographic":true}