{"cameraMode":{"drawMode":0,"name":"Shaded","section":"Shading Mode"},"sceneLighting":false,"audioPlay":false,"sceneViewState":{"m_AlwaysRefresh":false,"showFog":true,"showSkybox":false,"showFlares":true,"showImageEffects":true,"showParticleSystems":true,"showVisualEffectGraphs":true,"m_FxEnabled":true},"in2DMode":false,"pivot":{"x":0.3688669204711914,"y":1.0855355262756348,"z":-2.3982038497924806},"rotation":{"x":0.31319141387939455,"y":0.4626297950744629,"z":-0.17890378832817079,"w":0.8098796010017395},"size":2.032337188720703,"orthographic":true}