{"cameraMode":{"drawMode":0,"name":"Shaded","section":"Shading Mode"},"sceneLighting":false,"audioPlay":false,"sceneViewState":{"m_AlwaysRefresh":false,"showFog":true,"showSkybox":false,"showFlares":true,"showImageEffects":true,"showParticleSystems":true,"showVisualEffectGraphs":true,"m_FxEnabled":true},"in2DMode":false,"pivot":{"x":-30.287498474121095,"y":0.9162672758102417,"z":36.98206329345703},"rotation":{"x":0.2172802835702896,"y":0.14145435392856599,"z":-0.031827520579099658,"w":0.9652984738349915},"size":2.3170742988586427,"orthographic":false}