{"cameraMode":{"drawMode":0,"name":"Shaded","section":"Shading Mode"},"sceneLighting":false,"audioPlay":false,"sceneViewState":{"m_AlwaysRefresh":false,"showFog":true,"showSkybox":false,"showFlares":true,"showImageEffects":true,"showParticleSystems":true,"showVisualEffectGraphs":true,"m_FxEnabled":true},"in2DMode":false,"pivot":{"x":0.17546463012695313,"y":-0.8402645587921143,"z":-1.2086000442504883},"rotation":{"x":0.30274587869644167,"y":0.3489373028278351,"z":-0.12033658474683762,"w":0.8787983059883118},"size":4.33878755569458,"orthographic":true}