{"cameraMode":{"drawMode":0,"name":"Shaded","section":"Shading Mode"},"sceneLighting":false,"audioPlay":false,"sceneViewState":{"m_AlwaysRefresh":false,"showFog":true,"showSkybox":false,"showFlares":true,"showImageEffects":true,"showParticleSystems":true,"showVisualEffectGraphs":true,"m_FxEnabled":true},"in2DMode":false,"pivot":{"x":-0.006999850273132324,"y":0.009999990463256836,"z":-0.1444185972213745},"rotation":{"x":0.1501086950302124,"y":0.5099552273750305,"z":-0.09089897572994232,"w":0.842117190361023},"size":2.598079204559326,"orthographic":true}