{"cameraMode":{"drawMode":0,"name":"Shaded","section":"Shading Mode"},"sceneLighting":false,"audioPlay":false,"sceneViewState":{"m_AlwaysRefresh":false,"showFog":true,"showSkybox":false,"showFlares":true,"showImageEffects":true,"showParticleSystems":true,"showVisualEffectGraphs":true,"m_FxEnabled":true},"in2DMode":false,"pivot":{"x":4.430641174316406,"y":-0.14666886627674104,"z":-5.1668477058410648},"rotation":{"x":0.20597811043262483,"y":0.33819258213043215,"z":-0.07612388581037522,"w":0.9151027202606201},"size":6.281117916107178,"orthographic":true}