{"cameraMode":{"drawMode":0,"name":"Shaded","section":"Shading Mode"},"sceneLighting":false,"audioPlay":false,"sceneViewState":{"m_AlwaysRefresh":false,"showFog":true,"showSkybox":false,"showFlares":true,"showImageEffects":true,"showParticleSystems":true,"showVisualEffectGraphs":true,"m_FxEnabled":true},"in2DMode":false,"pivot":{"x":2.552363395690918,"y":0.2950000762939453,"z":0.40467607975006106},"rotation":{"x":0.2724367678165436,"y":0.12656158208847047,"z":-0.03614211454987526,"w":0.953161358833313},"size":2.594041347503662,"orthographic":true}