{"cameraMode":{"drawMode":0,"name":"Shaded","section":"Shading Mode"},"sceneLighting":false,"audioPlay":false,"sceneViewState":{"m_AlwaysRefresh":false,"showFog":true,"showSkybox":false,"showFlares":true,"showImageEffects":true,"showParticleSystems":true,"showVisualEffectGraphs":true,"m_FxEnabled":true},"in2DMode":false,"pivot":{"x":2.552363395690918,"y":0.2950000762939453,"z":0.40467607975006106},"rotation":{"x":0.33135104179382326,"y":0.4248177707195282,"z":-0.17060215771198274,"w":0.8250329494476318},"size":6.2217535972595219,"orthographic":true}