{"cameraMode":{"drawMode":0,"name":"Shaded","section":"Shading Mode"},"sceneLighting":false,"audioPlay":false,"sceneViewState":{"m_AlwaysRefresh":false,"showFog":true,"showSkybox":false,"showFlares":true,"showImageEffects":true,"showParticleSystems":true,"showVisualEffectGraphs":true,"m_FxEnabled":true},"in2DMode":false,"pivot":{"x":4.993852138519287,"y":0.6901042461395264,"z":0.27695655822753909},"rotation":{"x":0.42276549339294436,"y":0.15372027456760407,"z":-0.07299690693616867,"w":0.8901451230049133},"size":4.962759017944336,"orthographic":true}