{"cameraMode":{"drawMode":0,"name":"Shaded","section":"Shading Mode"},"sceneLighting":false,"audioPlay":false,"sceneViewState":{"m_AlwaysRefresh":false,"showFog":true,"showSkybox":false,"showFlares":true,"showImageEffects":true,"showParticleSystems":true,"showVisualEffectGraphs":true,"m_FxEnabled":true},"in2DMode":false,"pivot":{"x":0.00003787875175476074,"y":0.03551487624645233,"z":0.00557456910610199},"rotation":{"x":0.2117575854063034,"y":0.2672291398048401,"z":-0.060319118201732638,"w":0.9381417632102966},"size":0.4773484468460083,"orthographic":false}