{"cameraMode":{"drawMode":0,"name":"Shaded","section":"Shading Mode"},"sceneLighting":false,"audioPlay":false,"sceneViewState":{"m_AlwaysRefresh":false,"showFog":true,"showSkybox":false,"showFlares":true,"showImageEffects":true,"showParticleSystems":true,"showVisualEffectGraphs":true,"m_FxEnabled":true},"in2DMode":false,"pivot":{"x":-14.48800277709961,"y":-0.6138304471969605,"z":0.6800017356872559},"rotation":{"x":0.09282602369785309,"y":0.8784021735191345,"z":-0.4285440742969513,"w":0.19025003910064698},"size":7.7563347816467289,"orthographic":true}