{"cameraMode":{"drawMode":0,"name":"Shaded","section":"Shading Mode"},"sceneLighting":false,"audioPlay":false,"sceneViewState":{"m_AlwaysRefresh":false,"showFog":true,"showSkybox":false,"showFlares":true,"showImageEffects":true,"showParticleSystems":true,"showVisualEffectGraphs":true,"m_FxEnabled":true},"in2DMode":false,"pivot":{"x":-0.023127049207687379,"y":1.1916435956954957,"z":0.3944227695465088},"rotation":{"x":0.21665488183498383,"y":0.07255494594573975,"z":-0.016152802854776384,"w":0.9734290242195129},"size":1.8078410625457764,"orthographic":true}