{"cameraMode":{"drawMode":0,"name":"Shaded","section":"Shading Mode"},"sceneLighting":false,"audioPlay":false,"sceneViewState":{"m_AlwaysRefresh":false,"showFog":true,"showSkybox":false,"showFlares":true,"showImageEffects":true,"showParticleSystems":true,"showVisualEffectGraphs":true,"m_FxEnabled":true},"in2DMode":false,"pivot":{"x":0.27178770303726199,"y":1.613328456878662,"z":0.6300389766693115},"rotation":{"x":0.2162863165140152,"y":0.18269146978855134,"z":-0.04124034196138382,"w":0.9582096934318543},"size":3.9546031951904299,"orthographic":true}