{"cameraMode":{"drawMode":0,"name":"Shaded","section":"Shading Mode"},"sceneLighting":false,"audioPlay":false,"sceneViewState":{"m_AlwaysRefresh":false,"showFog":true,"showSkybox":false,"showFlares":true,"showImageEffects":true,"showParticleSystems":true,"showVisualEffectGraphs":true,"m_FxEnabled":true},"in2DMode":false,"pivot":{"x":0.16090869903564454,"y":0.9878373146057129,"z":1.2232799530029297},"rotation":{"x":0.13183856010437013,"y":0.26851171255111697,"z":-0.037126295268535617,"w":0.9534905552864075},"size":4.735533714294434,"orthographic":false}