{"cameraMode":{"drawMode":0,"name":"Shaded","section":"Shading Mode"},"sceneLighting":false,"audioPlay":false,"sceneViewState":{"m_AlwaysRefresh":false,"showFog":true,"showSkybox":false,"showFlares":true,"showImageEffects":true,"showParticleSystems":true,"showVisualEffectGraphs":true,"m_FxEnabled":true},"in2DMode":false,"pivot":{"x":-0.031620025634765628,"y":-0.5298816561698914,"z":0.2332291603088379},"rotation":{"x":0.20549680292606355,"y":-0.017618143931031228,"z":0.0036905633751302959,"w":0.978513240814209},"size":0.6662875413894653,"orthographic":false}