{"cameraMode":{"drawMode":0,"name":"Shaded","section":"Shading Mode"},"sceneLighting":false,"audioPlay":false,"sceneViewState":{"m_AlwaysRefresh":false,"showFog":true,"showSkybox":false,"showFlares":true,"showImageEffects":true,"showParticleSystems":true,"showVisualEffectGraphs":true,"m_FxEnabled":true},"in2DMode":false,"pivot":{"x":1.4886152744293213,"y":-0.005000002682209015,"z":0.027373552322387697},"rotation":{"x":0.013477765955030918,"y":0.7666681408882141,"z":-0.016102386638522149,"w":0.6417012810707092},"size":1.5566987991333008,"orthographic":true}