{"cameraMode":{"drawMode":0,"name":"Shaded","section":"Shading Mode"},"sceneLighting":false,"audioPlay":false,"sceneViewState":{"m_AlwaysRefresh":false,"showFog":true,"showSkybox":false,"showFlares":true,"showImageEffects":true,"showParticleSystems":true,"showVisualEffectGraphs":true,"m_FxEnabled":true},"in2DMode":false,"pivot":{"x":0.9673555493354797,"y":-0.005000002682209015,"z":0.001742243766784668},"rotation":{"x":-0.32306599617004397,"y":-0.23288045823574067,"z":0.08236155658960343,"w":-0.9135963916778565},"size":1.945266604423523,"orthographic":true}