{"cameraMode":{"drawMode":0,"name":"Shaded","section":"Shading Mode"},"sceneLighting":false,"audioPlay":false,"sceneViewState":{"m_AlwaysRefresh":false,"showFog":true,"showSkybox":false,"showFlares":true,"showImageEffects":true,"showParticleSystems":true,"showVisualEffectGraphs":true,"m_FxEnabled":true},"in2DMode":false,"pivot":{"x":0.5862293243408203,"y":0.49495935440063479,"z":0.07812786102294922},"rotation":{"x":-0.13623297214508058,"y":-0.10234294086694718,"z":-0.014149959199130535,"w":0.9852803349494934},"size":0.6095326542854309,"orthographic":true}