{"cameraMode":{"drawMode":0,"name":"Shaded","section":"Shading Mode"},"sceneLighting":false,"audioPlay":false,"sceneViewState":{"m_AlwaysRefresh":false,"showFog":true,"showSkybox":false,"showFlares":true,"showImageEffects":true,"showParticleSystems":true,"showVisualEffectGraphs":true,"m_FxEnabled":true},"in2DMode":false,"pivot":{"x":0.17347794771194459,"y":1.7939064502716065,"z":-0.05026879906654358},"rotation":{"x":0.04445935785770416,"y":0.15224966406822205,"z":-0.0068557788617908958,"w":0.9873210787773132},"size":3.594097137451172,"orthographic":true}