{"cameraMode":{"drawMode":0,"name":"Shaded","section":"Shading Mode"},"sceneLighting":false,"audioPlay":false,"sceneViewState":{"m_AlwaysRefresh":false,"showFog":true,"showSkybox":false,"showFlares":true,"showImageEffects":true,"showParticleSystems":true,"showVisualEffectGraphs":true,"m_FxEnabled":true},"in2DMode":false,"pivot":{"x":0.0002884864807128906,"y":1.2841038703918458,"z":0.001581430435180664},"rotation":{"x":-0.17204660177230836,"y":-0.5934674739837647,"z":0.13170388340950013,"w":-0.7751665115356445},"size":2.7328665256500246,"orthographic":true}