{"cameraMode":{"drawMode":0,"name":"Shaded","section":"Shading Mode"},"sceneLighting":false,"audioPlay":false,"sceneViewState":{"m_AlwaysRefresh":false,"showFog":true,"showSkybox":false,"showFlares":true,"showImageEffects":true,"showParticleSystems":true,"showVisualEffectGraphs":true,"m_FxEnabled":true},"in2DMode":false,"pivot":{"x":17.499996185302736,"y":-0.2984238862991333,"z":-2.4984993934631349},"rotation":{"x":0.31776782870292666,"y":-0.01137770339846611,"z":0.0038140711840242149,"w":0.9480937719345093},"size":2.082416534423828,"orthographic":true}