{"cameraMode":{"drawMode":0,"name":"Shaded","section":"Shading Mode"},"sceneLighting":false,"audioPlay":false,"sceneViewState":{"m_AlwaysRefresh":false,"showFog":true,"showSkybox":false,"showFlares":true,"showImageEffects":true,"showParticleSystems":true,"showVisualEffectGraphs":true,"m_FxEnabled":true},"in2DMode":false,"pivot":{"x":0.21386122703552247,"y":2.211386203765869,"z":0.3621537685394287},"rotation":{"x":0.05161891505122185,"y":-0.09776124358177185,"z":0.005232739727944136,"w":0.9940342903137207},"size":4.783590316772461,"orthographic":true}