{"cameraMode":{"drawMode":0,"name":"Shaded","section":"Shading Mode"},"sceneLighting":false,"audioPlay":false,"sceneViewState":{"m_AlwaysRefresh":false,"showFog":true,"showSkybox":false,"showFlares":true,"showImageEffects":true,"showParticleSystems":true,"showVisualEffectGraphs":true,"m_FxEnabled":true},"in2DMode":false,"pivot":{"x":0.21386122703552247,"y":2.211386203765869,"z":0.3621537685394287},"rotation":{"x":0.19686248898506165,"y":-0.14551115036010743,"z":0.029725253582000734,"w":0.9692995548248291},"size":4.783590316772461,"orthographic":true}