{"cameraMode":{"drawMode":0,"name":"Shaded","section":"Shading Mode"},"sceneLighting":false,"audioPlay":false,"sceneViewState":{"m_AlwaysRefresh":false,"showFog":true,"showSkybox":false,"showFlares":true,"showImageEffects":true,"showParticleSystems":true,"showVisualEffectGraphs":true,"m_FxEnabled":true},"in2DMode":false,"pivot":{"x":0.020928382873535157,"y":2.442230224609375,"z":-3.8841142654418947},"rotation":{"x":0.20485810935497285,"y":0.5138234496116638,"z":-0.12786675989627839,"w":0.823215663433075},"size":3.792820930480957,"orthographic":true}