{"cameraMode":{"drawMode":0,"name":"Shaded","section":"Shading Mode"},"sceneLighting":false,"audioPlay":false,"sceneViewState":{"m_AlwaysRefresh":false,"showFog":true,"showSkybox":false,"showFlares":true,"showImageEffects":true,"showParticleSystems":true,"showVisualEffectGraphs":true,"m_FxEnabled":true},"in2DMode":false,"pivot":{"x":-0.12041175365447998,"y":1.6619949340820313,"z":-0.27054667472839358},"rotation":{"x":-0.2494068592786789,"y":-0.11243023723363877,"z":0.0291501022875309,"w":-0.9614545106887817},"size":1.698814868927002,"orthographic":false}