{"cameraMode":{"drawMode":0,"name":"Shaded","section":"Shading Mode"},"sceneLighting":false,"audioPlay":false,"sceneViewState":{"m_AlwaysRefresh":false,"showFog":false,"showSkybox":false,"showFlares":false,"showImageEffects":false,"showParticleSystems":false,"showVisualEffectGraphs":true,"m_FxEnabled":true},"in2DMode":false,"pivot":{"x":0.1084376871585846,"y":0.9174926280975342,"z":0.10648790001869202},"rotation":{"x":-0.0035222473088651897,"y":0.9964374303817749,"z":-0.04065568745136261,"w":-0.07575038820505142},"size":1.0954391956329346,"orthographic":false}