{"cameraMode":{"drawMode":0,"name":"Shaded","section":"Shading Mode"},"sceneLighting":false,"audioPlay":false,"sceneViewState":{"m_AlwaysRefresh":false,"showFog":true,"showSkybox":false,"showFlares":true,"showImageEffects":true,"showParticleSystems":true,"showVisualEffectGraphs":true,"m_FxEnabled":true},"in2DMode":false,"pivot":{"x":0.15659011900424958,"y":0.7341058254241943,"z":-0.3528542220592499},"rotation":{"x":0.200491800904274,"y":-0.01910269819200039,"z":0.003910467028617859,"w":0.9795055389404297},"size":2.20391583442688,"orthographic":true}