{"cameraMode":{"drawMode":0,"name":"Shaded","section":"Shading Mode"},"sceneLighting":false,"audioPlay":false,"sceneViewState":{"m_AlwaysRefresh":false,"showFog":true,"showSkybox":false,"showFlares":true,"showImageEffects":true,"showParticleSystems":true,"showVisualEffectGraphs":true,"m_FxEnabled":true},"in2DMode":false,"pivot":{"x":0.06435120105743408,"y":2.326232671737671,"z":0.5100746154785156},"rotation":{"x":0.05161891505122185,"y":-0.09776124358177185,"z":0.005232739727944136,"w":0.9940342903137207},"size":5.474496364593506,"orthographic":true}