{"cameraMode":{"drawMode":0,"name":"Shaded","section":"Shading Mode"},"sceneLighting":false,"audioPlay":false,"sceneViewState":{"m_AlwaysRefresh":false,"showFog":true,"showSkybox":false,"showFlares":true,"showImageEffects":true,"showParticleSystems":true,"showVisualEffectGraphs":true,"m_FxEnabled":true},"in2DMode":false,"pivot":{"x":0.06435120105743408,"y":2.326232671737671,"z":0.5100746154785156},"rotation":{"x":0.008728603832423687,"y":-0.9887875318527222,"z":0.06477709114551544,"w":0.13557755947113038},"size":5.474496364593506,"orthographic":true}