{"cameraMode":{"drawMode":0,"name":"Shaded","section":"Shading Mode"},"sceneLighting":false,"audioPlay":false,"sceneViewState":{"m_AlwaysRefresh":false,"showFog":true,"showSkybox":false,"showFlares":true,"showImageEffects":true,"showParticleSystems":true,"showVisualEffectGraphs":true,"m_FxEnabled":true},"in2DMode":false,"pivot":{"x":0.06435120105743408,"y":2.326232671737671,"z":0.5100746154785156},"rotation":{"x":0.2711775600910187,"y":0.2082788050174713,"z":-0.06005457043647766,"w":0.9379932284355164},"size":5.474496364593506,"orthographic":true}