{"cameraMode":{"drawMode":0,"name":"Shaded","section":"Shading Mode"},"sceneLighting":false,"audioPlay":false,"sceneViewState":{"m_AlwaysRefresh":false,"showFog":true,"showSkybox":false,"showFlares":true,"showImageEffects":true,"showParticleSystems":true,"showVisualEffectGraphs":true,"m_FxEnabled":true},"in2DMode":false,"pivot":{"x":-0.2517193555831909,"y":3.3136518001556398,"z":1.3500404357910157},"rotation":{"x":0.2711775600910187,"y":0.2082788050174713,"z":-0.06005457043647766,"w":0.9379932284355164},"size":3.5880062580108644,"orthographic":true}