{"cameraMode":{"drawMode":0,"name":"Shaded","section":"Shading Mode"},"sceneLighting":false,"audioPlay":false,"sceneViewState":{"m_AlwaysRefresh":false,"showFog":true,"showSkybox":false,"showFlares":true,"showImageEffects":true,"showParticleSystems":true,"showVisualEffectGraphs":true,"m_FxEnabled":true},"in2DMode":false,"pivot":{"x":0.1534198522567749,"y":1.8694044351577759,"z":-0.031557559967041019},"rotation":{"x":0.36764243245124819,"y":0.23067578673362733,"z":-0.09465794265270233,"w":0.8959206938743591},"size":1.8573336601257325,"orthographic":true}