{"cameraMode":{"drawMode":0,"name":"Shaded","section":"Shading Mode"},"sceneLighting":false,"audioPlay":false,"sceneViewState":{"m_AlwaysRefresh":false,"showFog":true,"showSkybox":false,"showFlares":true,"showImageEffects":true,"showParticleSystems":true,"showVisualEffectGraphs":true,"m_FxEnabled":true},"in2DMode":false,"pivot":{"x":-1.044353723526001,"y":-0.005000017583370209,"z":0.9783461689949036},"rotation":{"x":-0.27785903215408327,"y":-0.3644482493400574,"z":0.11490549892187119,"w":-0.8813724517822266},"size":1.4867749214172364,"orthographic":true}