{"cameraMode":{"drawMode":0,"name":"Shaded","section":"Shading Mode"},"sceneLighting":false,"audioPlay":false,"sceneViewState":{"m_AlwaysRefresh":false,"showFog":true,"showSkybox":false,"showFlares":true,"showImageEffects":true,"showParticleSystems":true,"showVisualEffectGraphs":true,"m_FxEnabled":true},"in2DMode":false,"pivot":{"x":-11.656085968017579,"y":5.5650482177734379,"z":0.09920692443847656},"rotation":{"x":0.3403506577014923,"y":0.30495959520339968,"z":-0.11770842224359513,"w":0.8816782236099243},"size":7.047325611114502,"orthographic":true}