{"cameraMode":{"drawMode":0,"name":"Shaded","section":"Shading Mode"},"sceneLighting":false,"audioPlay":false,"sceneViewState":{"m_AlwaysRefresh":false,"showFog":true,"showSkybox":false,"showFlares":true,"showImageEffects":true,"showParticleSystems":true,"showVisualEffectGraphs":true,"m_FxEnabled":true},"in2DMode":false,"pivot":{"x":0.000034689903259277344,"y":0.13299426436424256,"z":0.008353650569915772},"rotation":{"x":0.18601162731647492,"y":0.302432656288147,"z":-0.06030207872390747,"w":0.9328980445861816},"size":0.7587148547172546,"orthographic":false}