{"cameraMode":{"drawMode":0,"name":"Shaded","section":"Shading Mode"},"sceneLighting":false,"audioPlay":false,"sceneViewState":{"m_AlwaysRefresh":false,"showFog":true,"showSkybox":false,"showFlares":true,"showImageEffects":true,"showParticleSystems":true,"showVisualEffectGraphs":true,"m_FxEnabled":true},"in2DMode":false,"pivot":{"x":0.0462726354598999,"y":2.7416741847991945,"z":-0.005061149597167969},"rotation":{"x":0.05161891505122185,"y":-0.09776124358177185,"z":0.005232739727944136,"w":0.9940342903137207},"size":4.573471546173096,"orthographic":true}