{"cameraMode":{"drawMode":0,"name":"Shaded","section":"Shading Mode"},"sceneLighting":false,"audioPlay":false,"sceneViewState":{"m_AlwaysRefresh":false,"showFog":true,"showSkybox":false,"showFlares":true,"showImageEffects":true,"showParticleSystems":true,"showVisualEffectGraphs":true,"m_FxEnabled":true},"in2DMode":false,"pivot":{"x":2.710615634918213,"y":-0.05828380584716797,"z":0.4512004852294922},"rotation":{"x":-0.42484426498413088,"y":-0.0499318465590477,"z":0.02347882091999054,"w":-0.9035961627960205},"size":2.852106809616089,"orthographic":true}