{"cameraMode":{"drawMode":0,"name":"Shaded","section":"Shading Mode"},"sceneLighting":false,"audioPlay":false,"sceneViewState":{"m_AlwaysRefresh":false,"showFog":true,"showSkybox":false,"showFlares":true,"showImageEffects":true,"showParticleSystems":true,"showVisualEffectGraphs":true,"m_FxEnabled":true},"in2DMode":false,"pivot":{"x":-2.2680516242980959,"y":0.383919358253479,"z":1.7857216596603394},"rotation":{"x":0.07956147193908692,"y":0.18138548731803895,"z":-0.014723964035511017,"w":0.9800851345062256},"size":2.1457321643829347,"orthographic":true}