{"cameraMode":{"drawMode":0,"name":"Shaded","section":"Shading Mode"},"sceneLighting":false,"audioPlay":false,"sceneViewState":{"m_AlwaysRefresh":false,"showFog":true,"showSkybox":false,"showFlares":true,"showImageEffects":true,"showParticleSystems":true,"showVisualEffectGraphs":true,"m_FxEnabled":true},"in2DMode":false,"pivot":{"x":-1.1600594520568848,"y":0.8111493587493897,"z":1.305374026298523},"rotation":{"x":0.32571321725845339,"y":0.4006432294845581,"z":-0.15493562817573548,"w":0.8422605991363525},"size":2.1457321643829347,"orthographic":true}