{"cameraMode":{"drawMode":0,"name":"Shaded","section":"Shading Mode"},"sceneLighting":false,"audioPlay":false,"sceneViewState":{"m_AlwaysRefresh":false,"showFog":true,"showSkybox":false,"showFlares":true,"showImageEffects":true,"showParticleSystems":true,"showVisualEffectGraphs":true,"m_FxEnabled":true},"in2DMode":false,"pivot":{"x":-0.2641555070877075,"y":-0.07806584984064102,"z":-0.12935876846313477},"rotation":{"x":0.17800599336624146,"y":-0.2663906514644623,"z":0.05012817308306694,"w":0.9459599256515503},"size":2.335533380508423,"orthographic":true}