{"cameraMode":{"drawMode":0,"name":"Shaded","section":"Shading Mode"},"sceneLighting":false,"audioPlay":false,"sceneViewState":{"m_AlwaysRefresh":false,"showFog":true,"showSkybox":false,"showFlares":true,"showImageEffects":true,"showParticleSystems":true,"showVisualEffectGraphs":true,"m_FxEnabled":true},"in2DMode":false,"pivot":{"x":0.4710160493850708,"y":-7.450580596923828e-9,"z":-0.4885518252849579},"rotation":{"x":0.0006216118345037103,"y":0.7232532501220703,"z":-0.0006477751303464174,"w":0.6905861496925354},"size":0.7568805813789368,"orthographic":true}