{"cameraMode":{"drawMode":0,"name":"Shaded","section":"Shading Mode"},"sceneLighting":false,"audioPlay":false,"sceneViewState":{"m_AlwaysRefresh":false,"showFog":true,"showSkybox":false,"showFlares":true,"showImageEffects":true,"showParticleSystems":true,"showVisualEffectGraphs":true,"m_FxEnabled":true},"in2DMode":false,"pivot":{"x":1.034045696258545,"y":0.6210934519767761,"z":-0.0002745389938354492},"rotation":{"x":0.2495558261871338,"y":0.49308323860168459,"z":-0.15010179579257966,"w":0.8197973370552063},"size":1.69649338722229,"orthographic":true}