{"cameraMode":{"drawMode":0,"name":"Shaded","section":"Shading Mode"},"sceneLighting":false,"audioPlay":false,"sceneViewState":{"m_AlwaysRefresh":false,"showFog":true,"showSkybox":false,"showFlares":true,"showImageEffects":true,"showParticleSystems":true,"showVisualEffectGraphs":true,"m_FxEnabled":true},"in2DMode":false,"pivot":{"x":-0.5996390581130981,"y":0.8760597705841065,"z":-0.09938198328018189},"rotation":{"x":0.3012688457965851,"y":0.5497419238090515,"z":-0.22174309194087983,"w":0.7469019889831543},"size":2.6830532550811769,"orthographic":true}