{"cameraMode":{"drawMode":0,"name":"Shaded","section":"Shading Mode"},"sceneLighting":false,"audioPlay":false,"sceneViewState":{"m_AlwaysRefresh":false,"showFog":true,"showSkybox":false,"showFlares":true,"showImageEffects":true,"showParticleSystems":true,"showVisualEffectGraphs":true,"m_FxEnabled":true},"in2DMode":false,"pivot":{"x":-14.080157279968262,"y":0.030999965965747834,"z":-3.9421167373657228},"rotation":{"x":-0.17183946073055268,"y":-0.8185027241706848,"z":0.4507666230201721,"w":-0.3120194375514984},"size":0.7471445798873901,"orthographic":false}