{"cameraMode":{"drawMode":0,"name":"Shaded","section":"Shading Mode"},"sceneLighting":true,"audioPlay":false,"sceneViewState":{"m_AlwaysRefresh":false,"showFog":true,"showSkybox":false,"showFlares":true,"showImageEffects":true,"showParticleSystems":true,"showVisualEffectGraphs":true,"m_FxEnabled":true},"in2DMode":false,"pivot":{"x":1.3460023403167725,"y":-0.6601449251174927,"z":1.3656888008117676},"rotation":{"x":-0.20015358924865724,"y":-0.4959130585193634,"z":0.11885590851306915,"w":-0.8367815017700195},"size":1.377229928970337,"orthographic":true}