{"cameraMode":{"drawMode":0,"name":"Shaded","section":"Shading Mode"},"sceneLighting":true,"audioPlay":false,"sceneViewState":{"m_AlwaysRefresh":false,"showFog":true,"showSkybox":false,"showFlares":true,"showImageEffects":true,"showParticleSystems":true,"showVisualEffectGraphs":true,"m_FxEnabled":true},"in2DMode":false,"pivot":{"x":1.3460023403167725,"y":-0.6601449251174927,"z":1.3656888008117676},"rotation":{"x":-0.17918798327445985,"y":-0.5776090621948242,"z":0.1319981962442398,"w":-0.7855937480926514},"size":1.9894285202026368,"orthographic":true}