{"cameraMode":{"drawMode":0,"name":"Shaded","section":"Shading Mode"},"sceneLighting":false,"audioPlay":false,"sceneViewState":{"m_AlwaysRefresh":false,"showFog":true,"showSkybox":false,"showFlares":true,"showImageEffects":true,"showParticleSystems":true,"showVisualEffectGraphs":true,"m_FxEnabled":true},"in2DMode":false,"pivot":{"x":0.7245423793792725,"y":-1.3207800388336182,"z":1.2570695877075196},"rotation":{"x":0.46177664399147036,"y":-0.39732104539871218,"z":0.2430555820465088,"w":0.7548717260360718},"size":2.5854928493499758,"orthographic":true}