{"cameraMode":{"drawMode":0,"name":"Shaded","section":"Shading Mode"},"sceneLighting":false,"audioPlay":false,"sceneViewState":{"m_AlwaysRefresh":false,"showFog":true,"showSkybox":false,"showFlares":true,"showImageEffects":true,"showParticleSystems":true,"showVisualEffectGraphs":true,"m_FxEnabled":true},"in2DMode":false,"pivot":{"x":0.7245423793792725,"y":-1.3207800388336182,"z":1.2570695877075196},"rotation":{"x":0.14969265460968018,"y":-0.2291092425584793,"z":0.035681501030921939,"w":0.9611631631851196},"size":2.5854928493499758,"orthographic":true}