{"cameraMode":{"drawMode":0,"name":"Shaded","section":"Shading Mode"},"sceneLighting":false,"audioPlay":false,"sceneViewState":{"m_AlwaysRefresh":false,"showFog":true,"showSkybox":false,"showFlares":true,"showImageEffects":true,"showParticleSystems":true,"showVisualEffectGraphs":true,"m_FxEnabled":true},"in2DMode":false,"pivot":{"x":0.7245423793792725,"y":-1.3207800388336182,"z":1.2570695877075196},"rotation":{"x":0.28528302907943728,"y":-0.24929064512252809,"z":0.0771152526140213,"w":0.9222429394721985},"size":4.788189888000488,"orthographic":true}