{"cameraMode":{"drawMode":0,"name":"Shaded","section":"Shading Mode"},"sceneLighting":true,"audioPlay":false,"sceneViewState":{"m_AlwaysRefresh":false,"showFog":true,"showSkybox":false,"showFlares":true,"showImageEffects":true,"showParticleSystems":true,"showVisualEffectGraphs":true,"m_FxEnabled":true},"in2DMode":false,"pivot":{"x":0.34259307384490969,"y":0.9431676864624023,"z":0.021832391619682313},"rotation":{"x":-0.3126225173473358,"y":-0.5010641813278198,"z":0.20035164058208466,"w":-0.7817806005477905},"size":0.7589395046234131,"orthographic":true}