{"cameraMode":{"drawMode":0,"name":"Shaded","section":"Shading Mode"},"sceneLighting":false,"audioPlay":false,"sceneViewState":{"m_AlwaysRefresh":false,"showFog":true,"showSkybox":false,"showFlares":true,"showImageEffects":true,"showParticleSystems":true,"showVisualEffectGraphs":true,"m_FxEnabled":true},"in2DMode":false,"pivot":{"x":3.3366193771362306,"y":1.9913643598556519,"z":0.9580733776092529},"rotation":{"x":0.2650831639766693,"y":0.5597473978996277,"z":-0.19511133432388307,"w":0.7604970932006836},"size":8.338127136230469,"orthographic":true}