{"cameraMode":{"drawMode":0,"name":"Shaded","section":"Shading Mode"},"sceneLighting":false,"audioPlay":false,"sceneViewState":{"m_AlwaysRefresh":false,"showFog":true,"showSkybox":false,"showFlares":true,"showImageEffects":true,"showParticleSystems":true,"showVisualEffectGraphs":true,"m_FxEnabled":true},"in2DMode":false,"pivot":{"x":-0.26118069887161257,"y":9.140748977661133,"z":-0.21264666318893434},"rotation":{"x":0.7081664800643921,"y":4.1929437699650409e-10,"z":-4.2055414706254626e-10,"w":0.7060452103614807},"size":5.619774341583252,"orthographic":true}