{"cameraMode":{"drawMode":0,"name":"Shaded","section":"Shading Mode"},"sceneLighting":true,"audioPlay":false,"sceneViewState":{"m_AlwaysRefresh":false,"showFog":true,"showSkybox":false,"showFlares":true,"showImageEffects":true,"showParticleSystems":true,"showVisualEffectGraphs":true,"m_FxEnabled":true},"in2DMode":false,"pivot":{"x":0.015909850597381593,"y":0.6649999618530273,"z":0.015909910202026368},"rotation":{"x":0.33317843079566958,"y":0.36497166752815249,"z":-0.14177696406841279,"w":0.8577490448951721},"size":1.2975099086761475,"orthographic":false}