{"cameraMode":{"drawMode":0,"name":"Shaded","section":"Shading Mode"},"sceneLighting":false,"audioPlay":false,"sceneViewState":{"m_AlwaysRefresh":false,"showFog":true,"showSkybox":false,"showFlares":true,"showImageEffects":true,"showParticleSystems":true,"showVisualEffectGraphs":true,"m_FxEnabled":true},"in2DMode":false,"pivot":{"x":-2.433000087738037,"y":0.2950000762939453,"z":0.4002249240875244},"rotation":{"x":0.47069206833839419,"y":-0.17000749707221986,"z":0.09297880530357361,"w":0.8607876300811768},"size":3.633349657058716,"orthographic":true}