{"cameraMode":{"drawMode":0,"name":"Shaded","section":"Shading Mode"},"sceneLighting":false,"audioPlay":false,"sceneViewState":{"m_AlwaysRefresh":false,"showFog":true,"showSkybox":false,"showFlares":true,"showImageEffects":true,"showParticleSystems":true,"showVisualEffectGraphs":true,"m_FxEnabled":true},"in2DMode":false,"pivot":{"x":0.01661527156829834,"y":-0.07500000298023224,"z":-0.012626409530639649},"rotation":{"x":0.29770126938819888,"y":-0.16221605241298676,"z":0.051415324211120608,"w":0.9393927454948425},"size":1.5566987991333008,"orthographic":true}