{"cameraMode":{"drawMode":0,"name":"Shaded","section":"Shading Mode"},"sceneLighting":false,"audioPlay":false,"sceneViewState":{"m_AlwaysRefresh":false,"showFog":true,"showSkybox":false,"showFlares":true,"showImageEffects":true,"showParticleSystems":true,"showVisualEffectGraphs":true,"m_FxEnabled":true},"in2DMode":false,"pivot":{"x":5.434638500213623,"y":-0.25488996505737307,"z":0.5430145263671875},"rotation":{"x":0.3399331867694855,"y":0.32103538513183596,"z":-0.12470047920942307,"w":0.8751253485679627},"size":2.5921525955200197,"orthographic":true}