{"cameraMode":{"drawMode":0,"name":"Shaded","section":"Shading Mode"},"sceneLighting":false,"audioPlay":false,"sceneViewState":{"m_AlwaysRefresh":false,"showFog":true,"showSkybox":false,"showFlares":true,"showImageEffects":true,"showParticleSystems":true,"showVisualEffectGraphs":true,"m_FxEnabled":true},"in2DMode":false,"pivot":{"x":0.03740584850311279,"y":-0.005000010132789612,"z":-0.007380008697509766},"rotation":{"x":0.013477765955030918,"y":0.7666681408882141,"z":-0.016102386638522149,"w":0.6417012810707092},"size":2.2778453826904299,"orthographic":true}