{"cameraMode":{"drawMode":0,"name":"Shaded","section":"Shading Mode"},"sceneLighting":false,"audioPlay":false,"sceneViewState":{"m_AlwaysRefresh":false,"showFog":true,"showSkybox":false,"showFlares":true,"showImageEffects":true,"showParticleSystems":true,"showVisualEffectGraphs":true,"m_FxEnabled":true},"in2DMode":false,"pivot":{"x":1.6669204235076905,"y":0.9246702194213867,"z":0.17032694816589356},"rotation":{"x":0.31877514719963076,"y":0.4364030361175537,"z":-0.16875840723514558,"w":0.8243164420127869},"size":2.33976411819458,"orthographic":true}