{"cameraMode":{"drawMode":0,"name":"Shaded","section":"Shading Mode"},"sceneLighting":false,"audioPlay":false,"sceneViewState":{"m_AlwaysRefresh":false,"showFog":true,"showSkybox":false,"showFlares":true,"showImageEffects":true,"showParticleSystems":true,"showVisualEffectGraphs":true,"m_FxEnabled":true},"in2DMode":false,"pivot":{"x":17.477001190185548,"y":1.4511754512786866,"z":-11.504581451416016},"rotation":{"x":0.11572695523500443,"y":0.5807008147239685,"z":-0.08384545892477036,"w":0.801485538482666},"size":12.428646087646485,"orthographic":true}