{"cameraMode":{"drawMode":0,"name":"Shaded","section":"Shading Mode"},"sceneLighting":false,"audioPlay":false,"sceneViewState":{"m_AlwaysRefresh":false,"showFog":true,"showSkybox":false,"showFlares":true,"showImageEffects":true,"showParticleSystems":true,"showVisualEffectGraphs":true,"m_FxEnabled":true},"in2DMode":false,"pivot":{"x":-0.3322310447692871,"y":0.7347619533538818,"z":0.11852455139160156},"rotation":{"x":-0.16041402518749238,"y":0.26727598905563357,"z":-0.04510572552680969,"w":-0.9492142200469971},"size":4.2814621925354,"orthographic":true}