{"cameraMode":{"drawMode":0,"name":"Shaded","section":"Shading Mode"},"sceneLighting":false,"audioPlay":false,"sceneViewState":{"m_AlwaysRefresh":false,"showFog":true,"showSkybox":false,"showFlares":true,"showImageEffects":true,"showParticleSystems":true,"showVisualEffectGraphs":true,"m_FxEnabled":true},"in2DMode":false,"pivot":{"x":-0.006790757179260254,"y":2.349224805831909,"z":-0.6761882305145264},"rotation":{"x":-0.26128387451171877,"y":-0.2307562679052353,"z":0.06434138864278794,"w":-0.9352538585662842},"size":5.830504894256592,"orthographic":true}