{"cameraMode":{"drawMode":0,"name":"Shaded","section":"Shading Mode"},"sceneLighting":false,"audioPlay":false,"sceneViewState":{"m_AlwaysRefresh":false,"showFog":true,"showSkybox":false,"showFlares":true,"showImageEffects":true,"showParticleSystems":true,"showVisualEffectGraphs":true,"m_FxEnabled":true},"in2DMode":false,"pivot":{"x":-0.006790757179260254,"y":2.349224805831909,"z":-0.6761882305145264},"rotation":{"x":0.006011361721903086,"y":0.9943175315856934,"z":-0.07559945434331894,"w":0.07703933864831925},"size":5.830504894256592,"orthographic":true}