{"cameraMode":{"drawMode":0,"name":"Shaded","section":"Shading Mode"},"sceneLighting":false,"audioPlay":false,"sceneViewState":{"m_AlwaysRefresh":false,"showFog":true,"showSkybox":false,"showFlares":true,"showImageEffects":true,"showParticleSystems":true,"showVisualEffectGraphs":true,"m_FxEnabled":true},"in2DMode":false,"pivot":{"x":0.000056803226470947266,"y":0.13299423456192017,"z":0.008361846208572388},"rotation":{"x":0.18601162731647492,"y":0.302432656288147,"z":-0.06030207872390747,"w":0.9328980445861816},"size":0.7459216713905335,"orthographic":false}