{"cameraMode":{"drawMode":0,"name":"Shaded","section":"Shading Mode"},"sceneLighting":false,"audioPlay":false,"sceneViewState":{"m_AlwaysRefresh":false,"showFog":true,"showSkybox":false,"showFlares":true,"showImageEffects":true,"showParticleSystems":true,"showVisualEffectGraphs":true,"m_FxEnabled":true},"in2DMode":false,"pivot":{"x":-2.2975454330444338,"y":0.8283817768096924,"z":0.5221664905548096},"rotation":{"x":-0.15878139436244965,"y":-0.1734856367111206,"z":0.028353668749332429,"w":-0.9715492725372315},"size":3.0005931854248049,"orthographic":true}