{"cameraMode":{"drawMode":0,"name":"Shaded","section":"Shading Mode"},"sceneLighting":false,"audioPlay":false,"sceneViewState":{"m_AlwaysRefresh":false,"showFog":true,"showSkybox":false,"showFlares":true,"showImageEffects":true,"showParticleSystems":true,"showVisualEffectGraphs":true,"m_FxEnabled":true},"in2DMode":false,"pivot":{"x":-1.1151068210601807,"y":1.9944943189620972,"z":-1.3305983543395997},"rotation":{"x":0.2874287962913513,"y":0.42707329988479617,"z":-0.14527733623981477,"w":0.8449305891990662},"size":3.226468086242676,"orthographic":true}