{"cameraMode":{"drawMode":0,"name":"Shaded","section":"Shading Mode"},"sceneLighting":false,"audioPlay":false,"sceneViewState":{"m_AlwaysRefresh":false,"showFog":true,"showSkybox":false,"showFlares":true,"showImageEffects":true,"showParticleSystems":true,"showVisualEffectGraphs":true,"m_FxEnabled":true},"in2DMode":false,"pivot":{"x":-11.452957153320313,"y":1.5125007629394532,"z":1.3499507904052735},"rotation":{"x":0.42276549339294436,"y":0.15372027456760407,"z":-0.07299690693616867,"w":0.8901451230049133},"size":14.2677583694458,"orthographic":true}