{"cameraMode":{"drawMode":0,"name":"Shaded","section":"Shading Mode"},"sceneLighting":false,"audioPlay":false,"sceneViewState":{"m_AlwaysRefresh":false,"showFog":true,"showSkybox":false,"showFlares":true,"showImageEffects":true,"showParticleSystems":true,"showVisualEffectGraphs":true,"m_FxEnabled":true},"in2DMode":false,"pivot":{"x":-0.07000017166137696,"y":2.6999998092651369,"z":0.2800002098083496},"rotation":{"x":0.3348728120326996,"y":0.4462483823299408,"z":-0.18467527627944947,"w":0.8091303706169128},"size":5.735137939453125,"orthographic":true}