{"cameraMode":{"drawMode":0,"name":"Shaded","section":"Shading Mode"},"sceneLighting":false,"audioPlay":false,"sceneViewState":{"m_AlwaysRefresh":false,"showFog":true,"showSkybox":false,"showFlares":true,"showImageEffects":true,"showParticleSystems":true,"showVisualEffectGraphs":true,"m_FxEnabled":true},"in2DMode":false,"pivot":{"x":-0.04360228776931763,"y":1.4999998807907105,"z":-0.04360184073448181},"rotation":{"x":0.09716915339231491,"y":0.8688638210296631,"z":-0.1887405514717102,"w":0.4473602771759033},"size":2.6364729404449465,"orthographic":false}