{"cameraMode":{"drawMode":0,"name":"Shaded","section":"Shading Mode"},"sceneLighting":false,"audioPlay":false,"sceneViewState":{"m_AlwaysRefresh":false,"showFog":true,"showSkybox":false,"showFlares":true,"showImageEffects":true,"showParticleSystems":true,"showVisualEffectGraphs":true,"m_FxEnabled":true},"in2DMode":false,"pivot":{"x":-0.4139025807380676,"y":1.0250862836837769,"z":-0.027195334434509279},"rotation":{"x":0.2709588408470154,"y":0.4920169711112976,"z":-0.16441629827022553,"w":0.8108493685722351},"size":1.7001594305038453,"orthographic":true}