{"cameraMode":{"drawMode":0,"name":"Shaded","section":"Shading Mode"},"sceneLighting":false,"audioPlay":false,"sceneViewState":{"m_AlwaysRefresh":false,"showFog":true,"showSkybox":false,"showFlares":true,"showImageEffects":true,"showParticleSystems":true,"showVisualEffectGraphs":true,"m_FxEnabled":true},"in2DMode":false,"pivot":{"x":-0.04360228776931763,"y":1.4999998807907105,"z":-0.04360184073448181},"rotation":{"x":0.16587963700294496,"y":0.30730247497558596,"z":-0.05449178069829941,"w":0.9354583024978638},"size":3.0934689044952394,"orthographic":true}