{"cameraMode":{"drawMode":0,"name":"Shaded","section":"Shading Mode"},"sceneLighting":true,"audioPlay":false,"sceneViewState":{"m_AlwaysRefresh":false,"showFog":true,"showSkybox":true,"showFlares":true,"showImageEffects":true,"showParticleSystems":true,"showVisualEffectGraphs":true,"m_FxEnabled":true},"in2DMode":false,"pivot":{"x":41.60905075073242,"y":-2.9450759887695314,"z":-45.05939483642578},"rotation":{"x":-0.6584848761558533,"y":0.0038360676262527706,"z":-0.0033562672324478628,"w":-0.7525866031646729},"size":55.81855392456055,"orthographic":true}