{"cameraMode":{"drawMode":0,"name":"Shaded","section":"Shading Mode"},"sceneLighting":true,"audioPlay":false,"sceneViewState":{"m_AlwaysRefresh":false,"showFog":true,"showSkybox":true,"showFlares":true,"showImageEffects":true,"showParticleSystems":true,"showVisualEffectGraphs":true,"m_FxEnabled":true},"in2DMode":false,"pivot":{"x":232.91253662109376,"y":1.0445719957351685,"z":-28.466264724731447},"rotation":{"x":0.40125706791877749,"y":0.2854146957397461,"z":-0.13315150141716004,"w":0.8601241111755371},"size":7.577125072479248,"orthographic":true}