{"cameraMode":{"drawMode":0,"name":"Shaded","section":"Shading Mode"},"sceneLighting":true,"audioPlay":false,"sceneViewState":{"m_AlwaysRefresh":false,"showFog":true,"showSkybox":true,"showFlares":true,"showImageEffects":true,"showParticleSystems":true,"showVisualEffectGraphs":true,"m_FxEnabled":true},"in2DMode":false,"pivot":{"x":62.473419189453128,"y":-36.542388916015628,"z":-11.744792938232422},"rotation":{"x":0.4032341539859772,"y":0.3154495358467102,"z":-0.15039677917957307,"w":0.8457461595535278},"size":54.107181549072269,"orthographic":true}