{"cameraMode":{"drawMode":0,"name":"Shaded","section":"Shading Mode"},"sceneLighting":true,"audioPlay":false,"sceneViewState":{"m_AlwaysRefresh":false,"showFog":true,"showSkybox":true,"showFlares":true,"showImageEffects":true,"showParticleSystems":true,"showVisualEffectGraphs":true,"m_FxEnabled":true},"in2DMode":false,"pivot":{"x":132.90028381347657,"y":0.9700002670288086,"z":-15.11385726928711},"rotation":{"x":0.18132121860980988,"y":0.5579114556312561,"z":-0.12645384669303895,"w":0.7999460101127625},"size":2.712111234664917,"orthographic":true}