{"cameraMode":{"drawMode":0,"name":"Shaded","section":"Shading Mode"},"sceneLighting":true,"audioPlay":false,"sceneViewState":{"m_AlwaysRefresh":false,"showFog":true,"showSkybox":true,"showFlares":true,"showImageEffects":true,"showParticleSystems":true,"showVisualEffectGraphs":true,"m_FxEnabled":true},"in2DMode":false,"pivot":{"x":-4.005000114440918,"y":0.869835615158081,"z":-7.690000057220459},"rotation":{"x":-0.1532512605190277,"y":-0.024623654782772065,"z":0.0037764112930744888,"w":-0.9879176020622253},"size":2.8830130100250246,"orthographic":true}