{"cameraMode":{"drawMode":0,"name":"Shaded","section":"Shading Mode"},"sceneLighting":true,"audioPlay":false,"sceneViewState":{"m_AlwaysRefresh":false,"showFog":true,"showSkybox":true,"showFlares":true,"showImageEffects":true,"showParticleSystems":true,"showVisualEffectGraphs":true,"m_FxEnabled":true},"in2DMode":false,"pivot":{"x":42.190879821777347,"y":-1.819549560546875,"z":-44.95748519897461},"rotation":{"x":0.43877264857292178,"y":0.13524006307125092,"z":-0.06698736548423767,"w":0.8858334422111511},"size":40.49446105957031,"orthographic":true}