{"cameraMode":{"drawMode":0,"name":"Shaded","section":"Shading Mode"},"sceneLighting":true,"audioPlay":false,"sceneViewState":{"m_AlwaysRefresh":false,"showFog":true,"showSkybox":true,"showFlares":true,"showImageEffects":true,"showParticleSystems":true,"showVisualEffectGraphs":true,"m_FxEnabled":true},"in2DMode":false,"pivot":{"x":5.869999885559082,"y":0.869835615158081,"z":-0.8719676733016968},"rotation":{"x":0.23171600699424745,"y":0.06114835664629936,"z":-0.015042935498058796,"w":0.9708799719810486},"size":2.0660252571105959,"orthographic":false}