{"cameraMode":{"drawMode":0,"name":"Shaded","section":"Shading Mode"},"sceneLighting":true,"audioPlay":false,"sceneViewState":{"m_AlwaysRefresh":false,"showFog":true,"showSkybox":true,"showFlares":true,"showImageEffects":true,"showParticleSystems":true,"showVisualEffectGraphs":true,"m_FxEnabled":true},"in2DMode":false,"pivot":{"x":39.52620315551758,"y":0.18294048309326173,"z":-26.0985164642334},"rotation":{"x":0.7007378935813904,"y":0.0021010509226471187,"z":-0.002143195131793618,"w":0.7134668231010437},"size":25.00389289855957,"orthographic":true}