{"cameraMode":{"drawMode":0,"name":"Shaded","section":"Shading Mode"},"sceneLighting":true,"audioPlay":false,"sceneViewState":{"m_AlwaysRefresh":false,"showFog":true,"showSkybox":true,"showFlares":true,"showImageEffects":true,"showParticleSystems":true,"showVisualEffectGraphs":true,"m_FxEnabled":true},"in2DMode":false,"pivot":{"x":62.480140686035159,"y":0.07499980926513672,"z":-3.381883144378662},"rotation":{"x":0.429505318403244,"y":0.22603723406791688,"z":-0.11196102201938629,"w":0.8671240210533142},"size":3.147815465927124,"orthographic":true}