{"cameraMode":{"drawMode":0,"name":"Shaded","section":"Shading Mode"},"sceneLighting":true,"audioPlay":false,"sceneViewState":{"m_AlwaysRefresh":false,"showFog":true,"showSkybox":true,"showFlares":true,"showImageEffects":true,"showParticleSystems":true,"showVisualEffectGraphs":true,"m_FxEnabled":true},"in2DMode":false,"pivot":{"x":23.284093856811525,"y":105.76567840576172,"z":-33.52294921875},"rotation":{"x":0.24468407034873963,"y":0.09435785561800003,"z":-0.023932555690407754,"w":0.9647042751312256},"size":151.15371704101563,"orthographic":false}