{"cameraMode":{"drawMode":0,"name":"Shaded","section":"Shading Mode"},"sceneLighting":true,"audioPlay":false,"sceneViewState":{"m_AlwaysRefresh":false,"showFog":true,"showSkybox":true,"showFlares":true,"showImageEffects":true,"showParticleSystems":true,"showVisualEffectGraphs":true,"m_FxEnabled":true},"in2DMode":false,"pivot":{"x":51.197418212890628,"y":2.813967227935791,"z":-6.9892168045043949},"rotation":{"x":0.40955910086631777,"y":0.42365965247154238,"z":-0.22347970306873322,"w":0.7764307856559753},"size":9.779194831848145,"orthographic":true}