{"cameraMode":{"drawMode":0,"name":"Shaded","section":"Shading Mode"},"sceneLighting":true,"audioPlay":false,"sceneViewState":{"m_AlwaysRefresh":false,"showFog":true,"showSkybox":true,"showFlares":true,"showImageEffects":true,"showParticleSystems":true,"showVisualEffectGraphs":true,"m_FxEnabled":true},"in2DMode":false,"pivot":{"x":56.68825149536133,"y":-25.796432495117189,"z":-38.23530197143555},"rotation":{"x":0.5683324933052063,"y":0.008881717920303345,"z":-0.006139150820672512,"w":0.8227619528770447},"size":46.08296203613281,"orthographic":false}