{"cameraMode":{"drawMode":0,"name":"Shaded","section":"Shading Mode"},"sceneLighting":true,"audioPlay":false,"sceneViewState":{"m_AlwaysRefresh":false,"showFog":true,"showSkybox":true,"showFlares":true,"showImageEffects":true,"showParticleSystems":true,"showVisualEffectGraphs":true,"m_FxEnabled":true},"in2DMode":false,"pivot":{"x":59.294029235839847,"y":21.76914405822754,"z":-70.41331481933594},"rotation":{"x":0.30080491304397585,"y":0.2939065098762512,"z":-0.09802360087633133,"w":0.9019776582717896},"size":33.527164459228519,"orthographic":true}