{"cameraMode":{"drawMode":0,"name":"Shaded","section":"Shading Mode"},"sceneLighting":false,"audioPlay":false,"sceneViewState":{"m_AlwaysRefresh":false,"showFog":true,"showSkybox":false,"showFlares":true,"showImageEffects":true,"showParticleSystems":true,"showVisualEffectGraphs":true,"m_FxEnabled":true},"in2DMode":false,"pivot":{"x":0.49133801460266116,"y":0.2950000762939453,"z":-3.4747486114501955},"rotation":{"x":-0.20661410689353944,"y":-0.12989290058612824,"z":0.027686219662427903,"w":-0.9693735241889954},"size":4.80325984954834,"orthographic":true}