{"cameraMode":{"drawMode":0,"name":"Shaded","section":"Shading Mode"},"sceneLighting":false,"audioPlay":false,"sceneViewState":{"m_AlwaysRefresh":false,"showFog":true,"showSkybox":false,"showFlares":true,"showImageEffects":true,"showParticleSystems":true,"showVisualEffectGraphs":true,"m_FxEnabled":true},"in2DMode":false,"pivot":{"x":-0.10521578788757324,"y":-0.04245758056640625,"z":-2.9765615463256838},"rotation":{"x":-0.40862134099006655,"y":-0.4008256494998932,"z":0.20638985931873322,"w":-0.7935911417007446},"size":3.5346896648406984,"orthographic":true}