{"cameraMode":{"drawMode":0,"name":"Shaded","section":"Shading Mode"},"sceneLighting":false,"audioPlay":false,"sceneViewState":{"m_AlwaysRefresh":false,"showFog":true,"showSkybox":false,"showFlares":true,"showImageEffects":true,"showParticleSystems":true,"showVisualEffectGraphs":true,"m_FxEnabled":true},"in2DMode":false,"pivot":{"x":2.2437026500701906,"y":0.6675808429718018,"z":2.3519113063812258},"rotation":{"x":-0.32309821248054507,"y":-0.4959312975406647,"z":0.20559555292129517,"w":-0.7793653011322022},"size":2.012061834335327,"orthographic":true}