{"cameraMode":{"drawMode":0,"name":"Shaded","section":"Shading Mode"},"sceneLighting":false,"audioPlay":false,"sceneViewState":{"m_AlwaysRefresh":false,"showFog":true,"showSkybox":false,"showFlares":true,"showImageEffects":true,"showParticleSystems":true,"showVisualEffectGraphs":true,"m_FxEnabled":true},"in2DMode":false,"pivot":{"x":0.49133801460266116,"y":0.6533792018890381,"z":3.2631542682647707},"rotation":{"x":-0.29043930768966677,"y":-0.5074064135551453,"z":0.18665780127048493,"w":-0.789532482624054},"size":2.691610813140869,"orthographic":true}