{"cameraMode":{"drawMode":0,"name":"Shaded","section":"Shading Mode"},"sceneLighting":false,"audioPlay":false,"sceneViewState":{"m_AlwaysRefresh":false,"showFog":true,"showSkybox":false,"showFlares":true,"showImageEffects":true,"showParticleSystems":true,"showVisualEffectGraphs":true,"m_FxEnabled":true},"in2DMode":false,"pivot":{"x":0.00026470422744750977,"y":0.8982802033424377,"z":-0.0003975331783294678},"rotation":{"x":0.4081079959869385,"y":0.3985060453414917,"z":-0.20443826913833619,"w":0.7955201268196106},"size":1.299891471862793,"orthographic":true}