{"cameraMode":{"drawMode":0,"name":"Shaded","section":"Shading Mode"},"sceneLighting":false,"audioPlay":false,"sceneViewState":{"m_AlwaysRefresh":false,"showFog":true,"showSkybox":false,"showFlares":true,"showImageEffects":true,"showParticleSystems":true,"showVisualEffectGraphs":true,"m_FxEnabled":true},"in2DMode":false,"pivot":{"x":-0.11945748329162598,"y":2.7216742038726808,"z":-0.14489459991455079},"rotation":{"x":0.1263691782951355,"y":0.7300633788108826,"z":-0.14026200771331788,"w":0.6570613384246826},"size":4.9236955642700199,"orthographic":true}