{"cameraMode":{"drawMode":0,"name":"Shaded","section":"Shading Mode"},"sceneLighting":false,"audioPlay":false,"sceneViewState":{"m_AlwaysRefresh":false,"showFog":true,"showSkybox":false,"showFlares":true,"showImageEffects":true,"showParticleSystems":true,"showVisualEffectGraphs":true,"m_FxEnabled":true},"in2DMode":false,"pivot":{"x":13.040168762207032,"y":0.1066615879535675,"z":-7.5135955810546879},"rotation":{"x":0.036045972257852557,"y":0.512397050857544,"z":-0.021533150225877763,"w":0.8577228784561157},"size":0.6165939569473267,"orthographic":true}