{"cameraMode":{"drawMode":0,"name":"Shaded","section":"Shading Mode"},"sceneLighting":false,"audioPlay":false,"sceneViewState":{"m_AlwaysRefresh":false,"showFog":true,"showSkybox":false,"showFlares":true,"showImageEffects":true,"showParticleSystems":true,"showVisualEffectGraphs":true,"m_FxEnabled":true},"in2DMode":false,"pivot":{"x":1.0899901390075684,"y":2.440664529800415,"z":-8.940696716308594e-8},"rotation":{"x":0.39907366037368777,"y":0.34419992566108706,"z":-0.16475529968738557,"w":0.8338111042976379},"size":3.6414546966552736,"orthographic":true}