{"cameraMode":{"drawMode":0,"name":"Shaded","section":"Shading Mode"},"sceneLighting":false,"audioPlay":false,"sceneViewState":{"m_AlwaysRefresh":false,"showFog":true,"showSkybox":false,"showFlares":true,"showImageEffects":true,"showParticleSystems":true,"showVisualEffectGraphs":true,"m_FxEnabled":true},"in2DMode":false,"pivot":{"x":0.000026792287826538086,"y":0.13299423456192017,"z":0.008367478847503662},"rotation":{"x":0.454300194978714,"y":0.18038932979106904,"z":-0.09436524659395218,"w":0.867507815361023},"size":0.7469462156295776,"orthographic":false}