{"cameraMode":{"drawMode":0,"name":"Shaded","section":"Shading Mode"},"sceneLighting":false,"audioPlay":false,"sceneViewState":{"m_AlwaysRefresh":false,"showFog":true,"showSkybox":false,"showFlares":true,"showImageEffects":true,"showParticleSystems":true,"showVisualEffectGraphs":true,"m_FxEnabled":true},"in2DMode":false,"pivot":{"x":-1.6407921314239503,"y":2.615260601043701,"z":-1.6438279151916505},"rotation":{"x":0.36006128787994387,"y":0.29321324825286868,"z":-0.12031930685043335,"w":0.8774451017379761},"size":2.098116397857666,"orthographic":true}