{"cameraMode":{"drawMode":0,"name":"Shaded","section":"Shading Mode"},"sceneLighting":false,"audioPlay":false,"sceneViewState":{"m_AlwaysRefresh":false,"showFog":true,"showSkybox":false,"showFlares":true,"showImageEffects":true,"showParticleSystems":true,"showVisualEffectGraphs":true,"m_FxEnabled":true},"in2DMode":false,"pivot":{"x":0.9184191226959229,"y":0.6705859303474426,"z":1.0902910232543946},"rotation":{"x":0.2946608364582062,"y":0.4535888731479645,"z":-0.16192609071731568,"w":0.825371265411377},"size":3.8437230587005617,"orthographic":true}