{"cameraMode":{"drawMode":0,"name":"Shaded","section":"Shading Mode"},"sceneLighting":false,"audioPlay":false,"sceneViewState":{"m_AlwaysRefresh":false,"showFog":true,"showSkybox":false,"showFlares":true,"showImageEffects":true,"showParticleSystems":true,"showVisualEffectGraphs":true,"m_FxEnabled":true},"in2DMode":false,"pivot":{"x":-0.2628335952758789,"y":-0.5229566097259522,"z":-0.17384600639343263},"rotation":{"x":-0.2976076304912567,"y":-0.14846299588680268,"z":0.04687308892607689,"w":-0.9420106410980225},"size":1.6531574726104737,"orthographic":false}