{"cameraMode":{"drawMode":0,"name":"Shaded","section":"Shading Mode"},"sceneLighting":false,"audioPlay":false,"sceneViewState":{"m_AlwaysRefresh":false,"showFog":true,"showSkybox":false,"showFlares":true,"showImageEffects":true,"showParticleSystems":true,"showVisualEffectGraphs":true,"m_FxEnabled":true},"in2DMode":false,"pivot":{"x":-2.598363161087036,"y":0.2950000762939453,"z":0.4002249240875244},"rotation":{"x":0.33443042635917666,"y":-0.09730550646781922,"z":0.0347345732152462,"w":0.9367789030075073},"size":3.4537880420684816,"orthographic":true}