{"cameraMode":{"drawMode":0,"name":"Shaded","section":"Shading Mode"},"sceneLighting":false,"audioPlay":false,"sceneViewState":{"m_AlwaysRefresh":false,"showFog":true,"showSkybox":false,"showFlares":true,"showImageEffects":true,"showParticleSystems":true,"showVisualEffectGraphs":true,"m_FxEnabled":true},"in2DMode":false,"pivot":{"x":-0.972297191619873,"y":-0.005000002682209015,"z":-0.4685666561126709},"rotation":{"x":-0.29470783472061159,"y":-0.4275151491165161,"z":0.14974763989448548,"w":-0.8414325714111328},"size":1.4386942386627198,"orthographic":true}