{"cameraMode":{"drawMode":0,"name":"Shaded","section":"Shading Mode"},"sceneLighting":false,"audioPlay":false,"sceneViewState":{"m_AlwaysRefresh":false,"showFog":true,"showSkybox":false,"showFlares":true,"showImageEffects":true,"showParticleSystems":true,"showVisualEffectGraphs":true,"m_FxEnabled":true},"in2DMode":false,"pivot":{"x":-0.21673592925071717,"y":-0.1616828441619873,"z":-0.7837778925895691},"rotation":{"x":-0.1650550216436386,"y":-0.10717946290969849,"z":0.018045349046587945,"w":-0.9802812933921814},"size":2.635533571243286,"orthographic":false}