{"cameraMode":{"drawMode":0,"name":"Shaded","section":"Shading Mode"},"sceneLighting":false,"audioPlay":false,"sceneViewState":{"m_AlwaysRefresh":false,"showFog":true,"showSkybox":false,"showFlares":true,"showImageEffects":true,"showParticleSystems":true,"showVisualEffectGraphs":true,"m_FxEnabled":true},"in2DMode":false,"pivot":{"x":6.171548843383789,"y":1.2839279174804688,"z":-0.8266308307647705},"rotation":{"x":0.42276549339294436,"y":0.15372027456760407,"z":-0.07299690693616867,"w":0.8901451230049133},"size":5.404483795166016,"orthographic":true}