{"cameraMode":{"drawMode":0,"name":"Shaded","section":"Shading Mode"},"sceneLighting":false,"audioPlay":false,"sceneViewState":{"m_AlwaysRefresh":false,"showFog":true,"showSkybox":false,"showFlares":true,"showImageEffects":true,"showParticleSystems":true,"showVisualEffectGraphs":true,"m_FxEnabled":true},"in2DMode":false,"pivot":{"x":2.1559858322143556,"y":0.5560901165008545,"z":1.8830147981643677},"rotation":{"x":0.01799456961452961,"y":0.021892234683036805,"z":-0.00039397799992002547,"w":0.9995988607406616},"size":3.778134346008301,"orthographic":true}