{"cameraMode":{"drawMode":0,"name":"Shaded","section":"Shading Mode"},"sceneLighting":false,"audioPlay":false,"sceneViewState":{"m_AlwaysRefresh":false,"showFog":true,"showSkybox":false,"showFlares":true,"showImageEffects":true,"showParticleSystems":true,"showVisualEffectGraphs":true,"m_FxEnabled":true},"in2DMode":false,"pivot":{"x":1.138146996498108,"y":-0.06391990184783936,"z":0.5370210409164429},"rotation":{"x":0.4107508659362793,"y":0.04783208295702934,"z":-0.021583763882517816,"w":0.9102385640144348},"size":1.0421042442321778,"orthographic":false}