{"cameraMode":{"drawMode":0,"name":"Shaded","section":"Shading Mode"},"sceneLighting":false,"audioPlay":false,"sceneViewState":{"m_AlwaysRefresh":false,"showFog":true,"showSkybox":false,"showFlares":true,"showImageEffects":true,"showParticleSystems":true,"showVisualEffectGraphs":true,"m_FxEnabled":true},"in2DMode":false,"pivot":{"x":-0.5400000214576721,"y":-0.6138304471969605,"z":-12.90721607208252},"rotation":{"x":0.31648388504981997,"y":0.45613113045692446,"z":-0.17763705551624299,"w":0.8125787377357483},"size":5.636610507965088,"orthographic":true}