{"cameraMode":{"drawMode":0,"name":"Shaded","section":"Shading Mode"},"sceneLighting":false,"audioPlay":false,"sceneViewState":{"m_AlwaysRefresh":false,"showFog":true,"showSkybox":false,"showFlares":true,"showImageEffects":true,"showParticleSystems":true,"showVisualEffectGraphs":true,"m_FxEnabled":true},"in2DMode":false,"pivot":{"x":2.5320000648498537,"y":0.2950000762939453,"z":0.40467607975006106},"rotation":{"x":0.36529675126075747,"y":-0.18390172719955445,"z":0.07387305051088333,"w":0.9095776677131653},"size":3.6712560653686525,"orthographic":true}