{"cameraMode":{"drawMode":0,"name":"Shaded","section":"Shading Mode"},"sceneLighting":false,"audioPlay":false,"sceneViewState":{"m_AlwaysRefresh":false,"showFog":true,"showSkybox":false,"showFlares":true,"showImageEffects":true,"showParticleSystems":true,"showVisualEffectGraphs":true,"m_FxEnabled":true},"in2DMode":false,"pivot":{"x":2.5320000648498537,"y":0.2950000762939453,"z":0.40467607975006106},"rotation":{"x":0.21719048917293549,"y":0.18179959058761598,"z":-0.0411929190158844,"w":0.9581922888755798},"size":3.6712560653686525,"orthographic":true}