{"cameraMode":{"drawMode":0,"name":"Shaded","section":"Shading Mode"},"sceneLighting":false,"audioPlay":false,"sceneViewState":{"m_AlwaysRefresh":false,"showFog":true,"showSkybox":false,"showFlares":true,"showImageEffects":true,"showParticleSystems":true,"showVisualEffectGraphs":true,"m_FxEnabled":true},"in2DMode":false,"pivot":{"x":-0.24421024322509767,"y":2.5915558338165285,"z":-0.20897138118743897},"rotation":{"x":0.014511101879179478,"y":0.9619459509849548,"z":-0.05137156322598457,"w":0.2686395049095154},"size":5.624648571014404,"orthographic":true}