{"cameraMode":{"drawMode":0,"name":"Shaded","section":"Shading Mode"},"sceneLighting":false,"audioPlay":false,"sceneViewState":{"m_AlwaysRefresh":false,"showFog":true,"showSkybox":false,"showFlares":true,"showImageEffects":true,"showParticleSystems":true,"showVisualEffectGraphs":true,"m_FxEnabled":true},"in2DMode":false,"pivot":{"x":-0.24421024322509767,"y":2.5915558338165285,"z":-0.20897138118743897},"rotation":{"x":0.23480680584907533,"y":0.17340436577796937,"z":-0.04247143864631653,"w":0.9556943774223328},"size":5.624648571014404,"orthographic":true}