{"cameraMode":{"drawMode":0,"name":"Shaded","section":"Shading Mode"},"sceneLighting":false,"audioPlay":false,"sceneViewState":{"m_AlwaysRefresh":false,"showFog":true,"showSkybox":false,"showFlares":true,"showImageEffects":true,"showParticleSystems":true,"showVisualEffectGraphs":true,"m_FxEnabled":true},"in2DMode":false,"pivot":{"x":-0.24421024322509767,"y":2.5915558338165285,"z":-0.20897138118743897},"rotation":{"x":0.2544454038143158,"y":-0.17913693189620973,"z":0.04814546927809715,"w":0.9493206739425659},"size":3.5491890907287599,"orthographic":true}