{"cameraMode":{"drawMode":0,"name":"Shaded","section":"Shading Mode"},"sceneLighting":false,"audioPlay":false,"sceneViewState":{"m_AlwaysRefresh":false,"showFog":true,"showSkybox":false,"showFlares":true,"showImageEffects":true,"showParticleSystems":true,"showVisualEffectGraphs":true,"m_FxEnabled":true},"in2DMode":false,"pivot":{"x":-0.24421024322509767,"y":2.5915558338165285,"z":-0.20897138118743897},"rotation":{"x":0.05161891505122185,"y":-0.09776124358177185,"z":0.005232739727944136,"w":0.9940342903137207},"size":5.624648571014404,"orthographic":true}