{"cameraMode":{"drawMode":0,"name":"Shaded","section":"Shading Mode"},"sceneLighting":false,"audioPlay":false,"sceneViewState":{"m_AlwaysRefresh":false,"showFog":true,"showSkybox":false,"showFlares":true,"showImageEffects":true,"showParticleSystems":true,"showVisualEffectGraphs":true,"m_FxEnabled":true},"in2DMode":false,"pivot":{"x":0.12011063098907471,"y":2.3221845626831056,"z":0.38324809074401858},"rotation":{"x":0.24849310517311097,"y":0.04890305548906326,"z":-0.012388602830469609,"w":0.9675024747848511},"size":5.142845630645752,"orthographic":true}