{"cameraMode":{"drawMode":0,"name":"Shaded","section":"Shading Mode"},"sceneLighting":false,"audioPlay":false,"sceneViewState":{"m_AlwaysRefresh":false,"showFog":true,"showSkybox":false,"showFlares":true,"showImageEffects":true,"showParticleSystems":true,"showVisualEffectGraphs":true,"m_FxEnabled":true},"in2DMode":false,"pivot":{"x":0.12011063098907471,"y":2.3221845626831056,"z":0.38324809074401858},"rotation":{"x":0.3092973232269287,"y":0.003816577373072505,"z":-0.0010724542662501336,"w":0.9511462450027466},"size":3.3980820178985597,"orthographic":true}