{"cameraMode":{"drawMode":0,"name":"Shaded","section":"Shading Mode"},"sceneLighting":false,"audioPlay":false,"sceneViewState":{"m_AlwaysRefresh":false,"showFog":true,"showSkybox":false,"showFlares":true,"showImageEffects":true,"showParticleSystems":true,"showVisualEffectGraphs":true,"m_FxEnabled":true},"in2DMode":false,"pivot":{"x":-0.6554272174835205,"y":0.3502500653266907,"z":0.24221718311309815},"rotation":{"x":0.06939004361629486,"y":0.11347785592079163,"z":-0.00794097688049078,"w":0.9911023378372192},"size":0.9003197550773621,"orthographic":true}