{"cameraMode":{"drawMode":0,"name":"Shaded","section":"Shading Mode"},"sceneLighting":false,"audioPlay":false,"sceneViewState":{"m_AlwaysRefresh":false,"showFog":true,"showSkybox":false,"showFlares":true,"showImageEffects":true,"showParticleSystems":true,"showVisualEffectGraphs":true,"m_FxEnabled":true},"in2DMode":false,"pivot":{"x":-0.04906672239303589,"y":-0.07500000298023224,"z":-0.0068024396896362309},"rotation":{"x":0.06939004361629486,"y":0.11347785592079163,"z":-0.00794097688049078,"w":0.9911023378372192},"size":0.6913517117500305,"orthographic":true}