{"cameraMode":{"drawMode":0,"name":"Shaded","section":"Shading Mode"},"sceneLighting":false,"audioPlay":false,"sceneViewState":{"m_AlwaysRefresh":false,"showFog":true,"showSkybox":false,"showFlares":true,"showImageEffects":true,"showParticleSystems":true,"showVisualEffectGraphs":true,"m_FxEnabled":true},"in2DMode":false,"pivot":{"x":0.000056803226470947266,"y":0.07069012522697449,"z":0.008361518383026123},"rotation":{"x":0.454300194978714,"y":0.18038932979106904,"z":-0.09436524659395218,"w":0.867507815361023},"size":0.7584933042526245,"orthographic":false}