{"cameraMode":{"drawMode":0,"name":"Shaded","section":"Shading Mode"},"sceneLighting":false,"audioPlay":false,"sceneViewState":{"m_AlwaysRefresh":false,"showFog":true,"showSkybox":false,"showFlares":true,"showImageEffects":true,"showParticleSystems":true,"showVisualEffectGraphs":true,"m_FxEnabled":true},"in2DMode":false,"pivot":{"x":-0.7855638265609741,"y":1.4016199111938477,"z":-2.3392930030822756},"rotation":{"x":0.08280599862337113,"y":0.9135119915008545,"z":-0.2345890998840332,"w":0.32206767797470095},"size":5.256803512573242,"orthographic":true}