{"cameraMode":{"drawMode":0,"name":"Shaded","section":"Shading Mode"},"sceneLighting":false,"audioPlay":false,"sceneViewState":{"m_AlwaysRefresh":false,"showFog":true,"showSkybox":false,"showFlares":true,"showImageEffects":true,"showParticleSystems":true,"showVisualEffectGraphs":true,"m_FxEnabled":true},"in2DMode":false,"pivot":{"x":7.711488723754883,"y":0.21454226970672608,"z":-1.7825238704681397},"rotation":{"x":-0.08605021983385086,"y":-0.5991907119750977,"z":0.06493254750967026,"w":-0.7934339046478272},"size":1.9595041275024415,"orthographic":false}